scientific_name,common_name
Gallinago hardwickii,Latham's Snipe
Limosa lapponica,Bar-tailed Godwit
Gymnorhina tibicen,Australian Magpie
Trichoglossus moluccanus,Rainbow Lorikeet
Manorina melanocephala,Noisy Miner
Cacatua galerita,Sulphur-crested Cockatoo
Eolophus roseicapilla,Galah
Rhipidura leucophrys,Willie Wagtail
Dacelo novaeguineae,Laughing Kookaburra
Grallina cyanoleuca,Magpie-lark
Ocyphaps lophotes,Crested Pigeon
Anthochaera carunculata,Red Wattlebird
Cracticus torquatus,Grey Butcherbird
Platycercus elegans,Crimson Rosella
Malurus cyaneus,Superb Fairy-wren
Corvus coronoides,Australian Raven
Zosterops lateralis,Silvereye
Hirundo neoxena,Welcome Swallow
Spilopelia chinensis,Spotted Dove
Anas superciliosa,Pacific Black Duck
Chenonetta jubata,Australian Wood Duck
Porphyrio melanotus,Australasian Swamphen
Fulica atra,Eurasian Coot
Threskiornis molucca,Australian White Ibis
Pelecanus conspicillatus,Australian Pelican
Cygnus atratus,Black Swan
Falco cenchroides,Nankeen Kestrel
Aquila audax,Wedge-tailed Eagle
Ninox boobook,Southern Boobook
Podargus strigoides,Tawny Frogmouth
Cacatua sanguinea,Little Corella
Nymphicus hollandicus,Cockatiel
Alisterus scapularis,Australian King-Parrot
Merops ornatus,Rainbow Bee-eater
Eurystomus orientalis,Dollarbird
Pardalotus punctatus,Spotted Pardalote
Phylidonyris novaehollandiae,New Holland Honeyeater
Ptilonorhynchus violaceus,Satin Bowerbird
Petrochelidon ariel,Fairy Martin
Acridotheres tristis,Common Myna
Dromaius novaehollandiae,Emu
Alectura lathami,Australian Brushturkey